Request Id,request_e2e_time,cdf
0_0,1728412791.3017519,0.1
0_2,1728412791.5964038,0.2
0_6,1728412792.1772552,0.3
0_9,1728412792.5795212,0.4
0_8,1728412792.9866219,0.5
0_5,1728412793.4395938,0.6
0_7,1728412793.8348088,0.7
0_4,1728412794.287974,0.8
0_1,1728412794.6842132,0.9
0_3,1728412795.2627616,1.0
